,Image Name,Predicted_Category
0,hsf_0_00001.png,j_
1,hsf_0_00002.png,B
2,hsf_0_00010.png,3
3,hsf_0_00011.png,E
4,hsf_0_00012.png,o_
5,hsf_0_00013.png,h_
6,hsf_0_00016.png,8
7,hsf_0_00023.png,A
8,hsf_0_00024.png,a_
9,hsf_0_00028.png,W
10,hsf_0_00035.png,F
11,hsf_0_00038.png,V
12,hsf_0_00121.png,C
13,hsf_0_00371.png,P
14,hsf_0_00992.png,4
15,hsf_0_02903.png,5
16,hsf_0_03602.png,2
17,hsf_1_00003.png,G
18,train_4b_00002.png,K
19,train_51_00002.png,Q
20,train_52_00104.png,R
21,train_53_00000.png,S
22,train_64_00012.png,d_
23,train_6d_00920.png,M
24,train_6e_00185.png,n_
25,train_78_00016.png,x_
26,__23_1277215.png,#
